z_mas,r_mas
0.0,78.00166468495826
0.05003493985697206,89.26611118044559
0.10006987971394413,103.57911283192249
0.1501048195709162,118.96486297016452
0.20013975942788825,115.52391422737826
0.2501746992848603,120.34177065299181
0.3002096391418324,108.89165486670443
0.35024457899880446,127.43531227521082
0.4002795188557765,117.74206696938647
0.45031445871274856,114.22650175475158
0.5003493985697206,120.90510569519107
0.5503843384266927,119.19943613970318
0.6004192782836648,125.66687237647595
0.6504542181406369,112.27946039737799
0.7004891579976089,124.55253573460195
0.750524097854581,127.18605309445371
0.800559037711553,123.31595448943244
0.8505939775685251,125.24986221923957
0.9006289174254971,124.22319287622202
0.9506638572824692,103.34101588392919
1.0006987971394412,117.38139654810838
1.0507337369964134,123.50064137044428
1.1007686768533853,117.84498217910617
1.1508036167103575,124.76119872439368
1.2008385565673296,140.05458394382677
1.2508734964243016,106.01650848968784
1.3009084362812737,119.81773075924289
1.3509433761382457,97.93785358008432
1.4009783159952178,119.70949551049262
1.4510132558521898,115.76030974815227
1.501048195709162,103.868646599874
1.5510831355661339,132.17032525550755
1.601118075423106,142.79638325400657
1.6511530152800782,113.55565272583247
1.7011879551370501,119.65705223867423
1.7512228949940223,125.94168832692567
1.8012578348509942,111.90636184149005
1.8512927747079664,128.65874081580947
1.9013277145649383,131.29562797920397
1.9513626544219105,105.65146341354134
2.0013975942788824,119.87780542059666
2.051432534135855,96.12908056709188
2.1014674739928267,121.21568009214917
2.1515024138497987,116.7217098381867
2.2015373537067706,142.62351394585787
2.251572293563743,121.93261437613006
2.301607233420715,122.84569915493935
2.351642173277687,116.10794716568493
2.4016771131346593,114.8749929902388
2.451712052991631,45.3007605337105
2.501746992848603,1.2098929440682258
2.551781932705575,0.0
2.6018168725625475,0.0
2.6518518124195194,0.0
2.7018867522764913,0.0
2.7519216921334633,0.0
2.8019566319904357,0.0
2.8519915718474076,0.0
2.9020265117043795,0.0
2.952061451561352,0.0
3.002096391418324,0.0
3.052131331275296,0.0
3.1021662711322677,0.07199034183153724
3.15220121098924,0.2394989199319377
3.202236150846212,59.450450113984644
3.252271090703184,83.11184194261153
3.3023060305601564,37.92994216349434
3.3523409704171283,0.0
3.4023759102741002,0.0
3.452410850131072,0.5368476284817718
3.5024457899880446,0.0
3.5524807298450165,0.0
3.6025156697019884,0.35030254377919406
3.652550609558961,0.3701797515315078
3.7025855494159328,0.349082419165058
3.7526204892729047,0.31943538340866845
3.8026554291298766,0.0
3.852690368986849,0.0
3.902725308843821,0.0
3.952760248700793,0.0
4.002795188557765,102.03385972080308
4.052830128414737,107.30636462180087
4.10286506827171,95.52445507093731
4.1529000081286815,107.78439175019174
4.2029349479856535,103.97272812666237
4.252969887842625,102.8957831767448
4.303004827699597,116.3619344170367
4.353039767556569,114.82491340574137
4.403074707413541,115.55639616272525
4.453109647270514,117.06747533073731
4.503144587127486,112.11746794596908
4.553179526984458,96.95430501865384
4.60321446684143,116.78353080475951
4.653249406698402,112.44450423857265
4.703284346555374,98.72307783122308
4.753319286412346,128.0770441813643
4.8033542262693185,100.91428847053959
4.8533891661262905,119.77821506418364
4.903424105983262,112.62986308116811
4.953459045840234,120.18824440611424
5.003493985697206,104.66075598041749
5.053528925554178,112.70101728892234
5.10356386541115,125.50364925319897
5.153598805268122,119.83339222516176
5.203633745125095,111.25309062216525
5.253668684982067,110.58720085328649
5.303703624839039,112.28047018167136
5.353738564696011,125.0884182091048
5.403773504552983,115.077701495101
5.453808444409955,114.79180290486272
5.5038433842669265,111.6283380974752
5.553878324123899,122.1265437626476
5.603913263980871,109.04984579390627
5.653948203837843,110.93365184821828
5.703983143694815,114.06244067464208
5.754018083551787,112.74796749572876
5.804053023408759,111.84106879773334
5.854087963265731,109.55128534691184
5.904122903122704,107.51356981803684
5.954157842979676,123.39983298531561
6.004192782836648,104.06805143264705
6.05422772269362,116.16426402405597
6.104262662550592,127.20674975086516
6.1542976024075635,112.69775224759752
6.2043325422645355,109.36461364260578
6.254367482121508,104.51944461338199
6.30440242197848,126.26794005337715
6.354437361835452,106.38266594928395
6.404472301692424,121.04688570911365
6.454507241549396,115.32251261862702
6.504542181406368,121.42734757684471
6.55457712126334,101.63606196181226
6.604612061120313,113.04816805494275
6.654647000977285,110.33291936304556
6.704681940834257,108.26272691576541
6.7547168806912286,119.18228980497136
6.8047518205482005,99.65675750604848
6.854786760405172,110.55319168442693
6.904821700262144,110.82769290465583
6.954856640119117,112.72817481045826
7.004891579976089,107.86815478778651
7.054926519833061,114.35595324240465
7.104961459690033,103.42463684859383
7.154996399547005,129.40197276371654
7.205031339403977,121.30895284153122
7.255066279260949,122.79590013923452
7.305101219117922,121.24910942997381
7.355136158974894,110.84047755523419
7.4051710988318655,120.24757044690288
7.4552060386888375,116.39038803878134
7.505240978545809,124.18236559419763
7.555275918402781,122.10522681787839
7.605310858259753,128.59642358218795
7.655345798116726,110.09742963765576
7.705380737973698,124.1173946167756
7.75541567783067,113.78245540650796
7.805450617687642,121.43145081646551
7.855485557544614,120.73036094833141
7.905520497401586,131.05350784344003
7.955555437258558,99.80147574552433
8.00559037711553,116.10941573786464
8.055625316972503,122.74383938450927
8.105660256829474,131.59776408662373
8.155695196686446,111.10963690174448
8.20573013654342,118.18400207881956
8.25576507640039,137.27927560838245
8.305800016257363,118.36433201036601
8.355834956114334,106.92797767200084
8.405869895971307,112.31832280845501
8.455904835828278,110.61241017321298
8.50593977568525,126.65480161110712
8.555974715542224,117.072398813885
8.606009655399195,110.5587169214982
8.656044595256168,108.54804738255909
8.706079535113139,110.15846102270785
8.756114474970111,120.37938458434785
8.806149414827082,99.57635576145024
8.856184354684055,128.55144371365157
8.906219294541028,115.06590370639002
8.956254234398,102.00625660140292
9.006289174254972,123.63461111229736
9.056324114111943,128.00025623303245
9.106359053968916,104.9799236052227
9.156393993825887,96.98374837449617
9.20642893368286,106.23655084451791
9.256463873539833,103.63489830402087
9.306498813396804,119.85750267156229
9.356533753253776,101.73108237498717
9.406568693110748,129.56656710677106
9.45660363296772,125.11309909569782
9.506638572824691,107.94378620231743
9.556673512681664,120.19451084020332
9.606708452538637,112.39830575657076
9.656743392395608,115.21970664880511
9.706778332252581,111.73187770238967
9.756813272109552,122.49664775361427
9.806848211966525,107.73926037518507
9.856883151823496,124.00189418749936
9.906918091680469,124.94243277670377
9.95695303153744,126.02386723380381
10.006987971394413,120.46693245884556
10.057022911251385,118.55443875896322
10.107057851108356,121.51227632060458
10.15709279096533,115.50246607316627
10.2071277308223,108.57604843245963
10.257162670679273,107.67591457388318
10.307197610536244,121.22620777098896
10.357232550393217,110.98938283620947
10.40726749025019,101.79256895115196
10.45730243010716,88.82005590066342
10.507337369964134,105.69922159327061
10.557372309821105,73.13229622347416
10.607407249678078,22.396512182783578
10.657442189535049,2.4906657995452472
10.707477129392021,1.7428007865793396
10.757512069248994,1.406573452293619
10.807547009105965,1.2044837225436984
10.857581948962938,1.06809019094237
10.90761688881991,0.9726528165249639
10.957651828676882,0.902894712766179
11.007686768533853,0.8503275154481281
11.057721708390826,0.8132907078810365
11.107756648247799,0.793904464201433
11.15779158810477,0.7893131423431432
11.207826527961743,0.8054299933462181
11.257861467818714,0.8628392824630965
11.307896407675686,0.9974500562609082
11.357931347532658,1.3716537458638125
11.40796628738963,55.148253745508356
11.458001227246603,121.44296001490176
11.508036167103574,135.02099487439332
11.558071106960547,141.06601126248177
11.608106046817518,138.87425296549398
11.658140986674491,139.0325035825506
11.708175926531462,119.13264045786379
11.758210866388435,127.18221056086912
11.808245806245408,122.55565262866797
11.858280746102379,140.1233099491168
11.908315685959352,116.92906804078588
11.958350625816323,125.5278517027426
12.008385565673295,123.7664290830105
12.058420505530266,130.9178492992131
12.10845544538724,120.98841891900581
12.158490385244212,101.03919598803775
12.208525325101183,111.74708712871553
12.258560264958156,112.20786268765862
12.308595204815127,103.57898675906299
12.3586301446721,74.64950918890524
12.408665084529071,22.204659659727465
12.458700024386044,2.5521044376441373
12.508734964243017,1.8282856524746562
12.558769904099988,1.5118662287956743
12.60880484395696,1.3335032206892472
12.658839783813931,1.2335710938653432
12.708874723670904,1.1717944007718202
12.758909663527875,1.137392783246323
12.808944603384848,1.1233747755444068
12.858979543241821,1.1203222320209263
12.909014483098792,1.1269593345161664
12.959049422955765,1.136590240339621
13.009084362812736,1.1485758409820268
13.059119302669709,1.1613472010195967
13.10915424252668,1.172389178446247
13.159189182383653,1.1845480054736224
13.209224122240625,1.1969610190394202
13.259259062097597,1.207058056613074
13.30929400195457,1.2160819192832146
13.35932894181154,1.228112196534313
13.409363881668513,1.2368854674477783
13.459398821525484,1.243933411252357
13.509433761382457,1.2503781865623274
13.55946870123943,1.2489337237489955
13.609503641096401,1.2395196489657796
13.659538580953374,1.2196116752480137
13.709573520810345,1.1906007105271013
13.759608460667318,1.1510922102575627
13.809643400524289,1.1004121402388423
13.859678340381262,1.0421459918567895
13.909713280238234,0.9787291869835425
13.959748220095205,0.9131457759373359
14.009783159952178,0.8486750749808294
14.05981809980915,0.7881842959751191
14.109853039666122,0.7323887102055437
14.159887979523093,0.6837124725446317
14.209922919380066,0.6412491536866112
14.259957859237039,0.6050640748589388
14.30999279909401,0.5762696910481778
14.360027738950983,0.5525836465636623
14.410062678807954,0.5334627929245542
14.460097618664927,0.51926137564125
14.510132558521898,0.5091875888535
14.56016749837887,0.5025378851994666
14.610202438235843,0.4987741251664102
14.660237378092814,0.4984719579560537
14.710272317949787,0.5013942809655201
14.760307257806758,0.5069708271328851
14.810342197663731,0.5161495457896733
14.860377137520702,0.5290423635644923
14.910412077377675,0.5454905028675172
14.960447017234648,0.5656228129277174
15.010481957091619,0.5897428810421129
15.060516896948592,0.6173507362772844
15.110551836805563,0.6463303694314877
15.160586776662536,0.6760254095656154
15.210621716519507,0.7045500575662501
15.26065665637648,0.7285236050915286
15.310691596233452,0.7470760756620558
15.360726536090423,0.760000341943132
15.410761475947396,0.766842519369146
15.460796415804367,0.7683916899196966
15.51083135566134,0.7662859069398249
15.560866295518311,0.7624526289356429
15.610901235375284,0.7574437021216056
15.660936175232257,0.7518843028644371
15.710971115089228,0.7478590466145779
15.7610060549462,0.7441968547566771
15.811040994803172,0.740920610636957
15.861075934660144,0.7384133352041402
15.911110874517115,0.7349539821279496
15.961145814374088,0.7305511881196141
16.01118075423106,0.7233528932264577
16.061215694088034,0.7131606682326004
16.111250633945005,0.6995408404976516
16.161285573801976,0.6820207525851393
16.211320513658947,0.6616943645607379
16.26135545351592,0.639275698849804
16.311390393372893,0.6150691485629758
16.361425333229864,0.5900137333593388
16.41146027308684,0.5651145951909491
16.46149521294381,0.5403099990164394
16.51153015280078,0.5164374084328583
16.56156509265775,0.4941902367906951
16.611600032514726,0.4733103449114253
16.661634972371697,0.4541770840926573
16.71166991222867,0.3023636149346331
16.761704852085643,0.3073901512362056
16.811739791942614,0.31129350101982667
16.861774731799585,0.3135109311112135
16.911809671656556,0.314662412310703
16.96184461151353,0.3141259760618251
17.0118795513705,0.3113208960703577
17.061914491227473,0.3070026202804164
17.111949431084447,0.3011183659960251
17.16198437094142,0.29388164486043516
17.21201931079839,0.2865548747730192
17.26205425065536,0.27974364154200376
17.312089190512335,0.2740573111456657
17.362124130369306,0.27047547578314773
17.412159070226277,0.2695343418162966
17.462194010083252,0.27203438144851994
17.512228949940223,0.2785174076206355
17.562263889797194,0.28900065311378953
17.612298829654165,0.30364652817946763
17.66233376951114,0.32216077850920377
17.71236870936811,0.34422859282304646
17.76240364922508,0.3693596947927898
17.812438589082056,0.396250824142083
17.862473528939027,0.4240287046455425
17.912508468796,0.45072506253715
17.96254340865297,0.47384236414049047
18.012578348509944,0.491385861139489
18.062613288366915,0.5010864944490003
18.112648228223886,0.5009997175267145
18.16268316808086,0.4921118325039461
18.21271810793783,0.4756305766494305
18.262753047794803,0.5769375504365682
18.312787987651774,0.5984003508510921
18.36282292750875,0.6134233120848512
18.41285786736572,0.6222337284577055
18.46289280722269,0.6258384550263318
18.512927747079665,0.6264682121620675
18.562962686936636,0.6247166544359407
18.612997626793607,0.619879580669759
18.66303256665058,0.6142202129436046
18.713067506507553,0.6079323695053235
18.763102446364524,0.6027073006601716
18.813137386221495,0.6005429930761458
18.86317232607847,0.6053069498352969
18.91320726593544,0.6230381246726229
18.96324220579241,0.6541557116910712
19.013277145649383,0.7186823418550415
19.063312085506357,0.8173361533993423
19.11334702536333,0.9413115128885482
19.1633819652203,1.105521381311197
19.213416905077274,1.1997506498875143
19.263451844934245,1.215735290026856
19.313486784791216,1.150953961326602
19.363521724648187,1.0358099712818538
19.413556664505162,0.931004295664686
19.463591604362133,0.8350646184893286
19.513626544219104,0.7561595088076851
19.563661484076075,0.6962189008768483
19.61369642393305,0.6056614022490291
19.66373136379002,0.5806099928480186
19.71376630364699,0.5545611575535794
19.763801243503966,0.5315939376554457
19.813836183360937,0.5137709003430158
19.86387112321791,0.5024039039665107
19.91390606307488,0.5011962108379218
19.963941002931854,0.5130243425726815
20.013975942788825,0.5416121646361778
20.064010882645796,0.5919453893074204
20.11404582250277,0.6713885496152376
20.164080762359742,0.7983206696958945
20.214115702216713,1.0067602381255027
20.264150642073684,1.3965771716962363
20.31418558193066,2.538475061427549
20.36422052178763,79.68568880651407
20.4142554616446,0.0
20.464290401501575,0.0
20.514325341358546,0.0
20.564360281215517,0.0
20.61439522107249,0.0
20.664430160929463,0.0
20.714465100786434,0.0
20.764500040643405,0.0
20.81453498050038,0.0
20.86456992035735,0.0
20.91460486021432,0.0
20.964639800071293,0.0
21.014674739928267,0.0
21.06470967978524,0.0
21.11474461964221,0.0
21.164779559499184,0.0
21.214814499356155,1.3765959295300492
21.264849439213126,1.4551047483848643
21.314884379070097,1.9144887946590106
21.364919318927072,1.5776359934777824
21.414954258784043,1.3037284169219086
21.464989198641014,1.1292639889608016
21.51502413849799,0.9956213163637642
21.56505907835496,0.9321057648962878
21.61509401821193,0.8647946642495166
21.6651289580689,0.8435887415725684
21.715163897925876,0.8116464629382739
21.765198837782847,0.8068814787813997
21.81523377763982,0.7909929421492725
21.865268717496793,0.7853680304463587
21.915303657353764,0.7726264660205692
21.965338597210735,0.7625905171399778
22.015373537067706,0.7566505500778091
22.06540847692468,0.76097132136261
22.115443416781652,0.7941989865337932
22.165478356638623,0.8669872193098676
22.215513296495597,1.0473039828561796
22.26554823635257,1.47917458158915
22.31558317620954,8.387167720585522
22.36561811606651,130.8882762076768
22.415653055923485,130.01236029326415
22.465687995780456,132.9403737697263
22.515722935637427,129.18123904759594
22.565757875494402,131.9272726932472
22.615792815351373,136.81809503189993
22.665827755208344,122.94723642134736
22.715862695065315,142.87363248792542
22.76589763492229,137.0160691179909
22.81593257477926,147.93806446565452
22.865967514636232,
22.916002454493206,
22.966037394350177,
23.01607233420715,
23.06610727406412,
23.116142213921094,188.3602940941287
23.166177153778065,108.95400434477729
23.216212093635036,125.74839570897235
23.26624703349201,89.66393531277225
23.316281973348982,1.764040537694844
23.366316913205953,1.009061179297497
23.416351853062924,0.7338273167417415
23.4663867929199,0.6946267767508212
23.51642173277687,0.6555430600709785
23.56645667263384,0.6298324265189597
23.616491612490815,0.582570591638527
23.666526552347786,0.5253556004438513
23.716561492204757,0.5257792655202645
23.76659643206173,0.47490928060313675
23.816631371918703,0.41383596390726796
23.866666311775674,0.3545187496739723
23.916701251632645,0.29487242252338913
23.96673619148962,0.2541928337952202
24.01677113134659,0.2099599999170981
24.066806071203562,0.1800132956170497
24.116841011060533,0.0
24.166875950917508,0.0
24.21691089077448,0.0
24.26694583063145,0.0
24.316980770488424,0.0
24.367015710345395,0.0
24.417050650202366,0.0
24.467085590059337,0.0
24.517120529916312,0.0
24.567155469773283,0.0
24.617190409630254,0.0
24.66722534948723,0.0
24.7172602893442,0.0
24.76729522920117,0.0
24.817330169058142,0.0
24.867365108915116,0.0
24.917400048772087,0.0
24.96743498862906,0.0
25.017469928486033,0.0
25.067504868343004,0.0
25.117539808199975,0.0
25.167574748056946,0.0
25.21760968791392,0.0
25.267644627770892,0.0
25.317679567627863,125.37999926259245
25.367714507484838,119.71744498463666
25.41774944734181,104.80003512012239
25.46778438719878,88.39466634308734
25.51781932705575,104.07518544311178
25.567854266912725,71.45497268232465
25.617889206769696,58.029977672117546
25.667924146626667,5.847828452394184
25.717959086483642,3.053838819881987
25.767994026340613,2.4519769083831138
25.818028966197584,2.0423967180584635
25.868063906054555,1.7825569140607065
25.91809884591153,1.5761060276142977
25.9681337857685,1.43025354730028
26.018168725625472,1.3043369450098607
26.068203665482446,1.1960658566526132
26.118238605339418,1.1034122283163934
26.16827354519639,1.0114569379438159
26.21830848505336,0.9373474365118086
26.268343424910334,0.8624987613803595
26.318378364767305,0.7955755727282637
26.368413304624276,0.7335844284386773
26.41844824448125,0.6754208407824682
26.468483184338222,0.6220076140713264
26.518518124195193,0.5662229929436898
26.568553064052164,0.5091045780384326
26.61858800390914,0.4424035347800722
26.66862294376611,0.3632087164766907
26.71865788362308,0.28337181136923195
26.768692823480055,0.2178324705380633
26.818727763337026,0.17675002187050887
26.868762703193998,0.16094327676147213
26.91879764305097,0.166975016105915
26.968832582907943,0.18724174887255726
27.018867522764914,0.213985097421255
27.068902462621885,0.24062076603836643
27.11893740247886,0.26264257995433304
27.16897234233583,0.2794209582590278
27.219007282192802,0.2911619487805901
27.269042222049773,0.30004990555630806
27.319077161906748,0.30581832280536514
27.36911210176372,0.1627720032101086
27.41914704162069,0.1897828361448814
27.469181981477664,0.21491183791157714
27.519216921334635,0.22774997400035343
27.569251861191606,0.22888817700946137
27.619286801048577,0.24561138793312906
27.669321740905552,0.2626629965438231
27.719356680762523,0.2799826212837642
27.769391620619494,0.29758721707765623
27.81942656047647,0.31679878809978496
27.86946150033344,0.3367375850728543
27.91949644019041,0.36022499152293525
27.969531380047382,0.3860823891152661
28.019566319904357,0.4173495917766016
28.069601259761328,0.45261908393168937
28.1196361996183,0.49379682354593857
28.169671139475273,0.5408877533841812
28.219706079332244,0.595125309774383
28.269741019189215,0.659699108039943
28.319775959046186,0.7354334393535381
28.36981089890316,0.8283683451556726
28.419845838760132,0.9452259329976688
28.469880778617103,1.102852410631921
28.519915718474078,1.352437693782462
28.56995065833105,1.8268073179221638
28.61998559818802,4.104324741075126
28.67002053804499,57.20832672606746
28.720055477901965,0.0
28.770090417758936,0.0
28.820125357615908,0.0
28.870160297472882,0.0
28.920195237329853,0.0
28.970230177186824,0.0
29.020265117043795,0.0
29.07030005690077,0.0
29.12033499675774,0.0
29.170369936614712,0.0
29.220404876471687,0.0
29.270439816328658,118.83847386701079
29.32047475618563,105.24270518187198
29.3705096960426,122.5610750366981
29.420544635899574,114.7967405133213
29.470579575756545,114.16025867199949
29.520614515613516,118.41798135760033
29.57064945547049,97.77376777363983
29.620684395327462,112.25743659716692
29.670719335184433,127.85589989272434
29.720754275041404,129.85438421063353
29.77078921489838,105.49098525710392
29.82082415475535,120.48807651067493
29.87085909461232,122.98056813099282
29.920894034469296,115.70267891597295
29.970928974326267,116.27781358166993
30.020963914183238,130.32751955347263
30.07099885404021,135.05426768588734
30.121033793897183,121.04691810673846
30.171068733754154,119.22006658905397
30.221103673611125,129.28171276782362
30.2711386134681,106.52878931366192
30.32117355332507,117.657008017195
30.371208493182042,103.03599511331058
30.421243433039013,114.76630514476184
30.471278372895988,104.26840206240993
30.52131331275296,119.82806610266803
30.57134825260993,120.19331655536777
30.621383192466904,113.3930318217553
30.671418132323875,114.13055180949536
30.721453072180847,103.92226108802846
30.771488012037818,119.06502561387398
30.821522951894792,115.15768379965517
30.871557891751763,106.09630772601636
30.921592831608734,97.53979482409316
30.97162777146571,114.50504033844564
31.02166271132268,124.90232941555986
31.07169765117965,114.5820597271079
31.121732591036622,126.82756378287823
31.171767530893597,108.48091985008075
31.221802470750568,124.20903276254349
31.27183741060754,114.2100751364341
31.321872350464513,90.56443562285847
31.371907290321484,110.42213451248472
31.421942230178455,115.26033470907225
31.471977170035426,112.11682272522314
31.5220121098924,131.8713242124662
31.572047049749372,107.96315516237013
31.622081989606343,121.82351777521039
31.672116929463318,121.04809288510671
31.72215186932029,122.04517327582076
31.77218680917726,123.28270215092212
31.82222174903423,117.62561340990092
31.872256688891206,125.39379817726723
31.922291628748177,120.19128217182939
31.972326568605148,123.00571345684544
32.02236150846212,105.4201394523264
32.07239644831909,111.19425913967011
32.12243138817607,134.0673750763905
32.17246632803304,137.07983342864168
32.22250126789001,106.58815526978715
32.27253620774698,106.36362405677525
32.32257114760395,119.65416880236222
32.37260608746092,102.40896400561348
32.422641027317894,114.95595100149859
32.47267596717487,120.24780397503167
32.52271090703184,123.37381125190458
32.572745846888814,127.61082155864577
32.622780786745786,102.30350792439903
32.67281572660276,111.44214626039496
32.72285066645973,100.86072569496808
32.7728856063167,104.35159526240271
32.82292054617368,112.16324251507659
32.87295548603065,116.0398965661851
32.92299042588762,95.52720216042793
32.97302536574459,114.81748888749537
33.02306030560156,121.52770461080146
33.07309524545853,128.62689597468056
33.1231301853155,99.80720281417332
33.17316512517248,113.41988967552439
33.22320006502945,102.95134193443795
33.27323500488642,98.47985578002053
33.323269944743394,0.0
33.373304884600365,0.0
33.42333982445734,0.0
33.47337476431431,0.16881776173563723
33.523409704171286,0.8462219050446217
33.57344464402826,43.27717276985845
33.62347958388523,77.63777388104259
33.6735145237422,100.50292813569328
33.72354946359917,96.53905356352487
33.77358440345614,92.41077825200418
33.82361934331311,111.59133134496408
33.87365428317009,115.7806795782753
33.92368922302706,118.44005280296825
33.97372416288403,116.27512021711614
34.023759102741,113.19574350738527
34.073794042597974,121.88796063690835
34.123828982454945,119.40404049497522
34.17386392231192,108.81023059616842
34.223898862168895,109.91667662716327
34.273933802025866,96.87376684195893
34.32396874188284,105.30647994344181
34.37400368173981,115.74696286156667
34.42403862159678,107.55033976966972
34.47407356145375,111.72252475164215
34.52410850131072,103.61551237613877
34.5741434411677,107.90433096501468
34.62417838102467,128.49678603193777
34.67421332088164,128.99152951683936
34.72424826073861,103.57402302459066
34.77428320059558,124.43385571028817
34.824318140452554,119.99665791737941
34.874353080309525,127.285672188459
34.924388020166504,129.98991525638326
34.974422960023475,113.2639636336556
35.024457899880446,123.07095119372697
35.07449283973742,112.17111545954107
35.12452777959439,115.86258879922707
35.17456271945136,122.83841550982724
35.22459765930833,123.39908176868393
35.27463259916531,122.06054756529285
35.32466753902228,119.13647255524326
35.37470247887925,108.71866736532948
35.42473741873622,119.783888880223
35.47477235859319,119.17537538802807
35.52480729845016,113.99581341520384
35.574842238307134,98.68919028764088
35.62487717816411,2.378709185303566
35.67491211802108,1.4122866084950512
35.724947057878055,1.0859354353640482
35.774981997735026,0.895397904061457
35.825016937592,0.632001900611701
35.87505187744897,0.008079745529184794
35.92508681730594,0.0
35.97512175716292,0.0
36.02515669701989,0.0
36.07519163687686,1.2925281212344348
36.12522657673383,
36.1752615165908,0.0
36.22529645644777,26.180521283156608
36.27533139630474,38.6960738403208
36.32536633616172,55.550681935225946
36.37540127601869,71.21195979869697
36.42543621587566,85.77551322740649
36.475471155732635,95.12169265853697
36.525506095589606,95.9159887456561
36.57554103544658,79.08346025822321
36.62557597530355,2.3327247486205387
36.675610915160526,2.1855036530552407
36.7256458550175,2.7572442338783985
36.77568079487447,3.3710330267602937
36.82571573473144,14.231895830346815
36.87575067458841,76.29253166487413
36.92578561444538,107.30739140096475
36.97582055430235,112.45620983384372
37.02585549415933,106.01880968927371
37.0758904340163,0.0
37.12592537387327,0.0
37.17596031373024,0.0
37.225995253587215,0.0
37.276030193444186,0.0
37.32606513330116,0.0
37.376100073158135,0.0
37.426135013015106,0.0
37.47616995287208,0.0
37.52620489272905,0.0
37.57623983258602,0.0
37.62627477244299,0.0
37.67630971229996,0.0
37.72634465215694,0.0
37.77637959201391,0.0
37.82641453187088,0.0
37.87644947172785,0.0
37.92648441158482,0.0
37.976519351441794,0.0
38.026554291298766,0.0
38.076589231155744,0.0
38.126624171012715,0.0
38.176659110869686,0.0
38.22669405072666,0.0
38.27672899058363,0.0
38.3267639304406,0.0
38.37679887029757,0.0
38.42683381015455,0.0
38.47686875001152,0.0
38.52690368986849,0.0
38.57693862972546,0.0
38.62697356958243,0.0
38.6770085094394,0.0
38.727043449296374,53.407863867251265
38.777078389153345,0.6855433100626361
38.827113329010324,0.6755353043805622
38.877148268867295,1.1176939188553379
38.927183208724266,1.5207309374823077
38.97721814858124,1.5415297966453547
39.02725308843821,1.374006597064774
39.07728802829518,1.1235045992477934
39.12732296815215,0.9348373229132843
39.17735790800913,0.0
39.2273928478661,0.6011796343745972
39.27742778772307,0.4494692081964605
39.32746272758004,0.2606210259331878
39.37749766743701,0.0
39.42753260729398,0.0
39.477567547150954,0.0
39.52760248700793,0.0
39.577637426864904,0.0
39.627672366721875,0.0
39.677707306578846,0.0
39.72774224643582,0.0
39.77777718629279,116.48306481624671
39.82781212614976,114.39406552193896
39.87784706600674,50.82737307468691
39.92788200586371,2.2140093680010438
39.97791694572068,1.669276471481586
40.02795188557765,1.4767676159047716
40.07798682543462,1.4124790631748165
40.12802176529159,1.425149813998462
40.17805670514856,1.4859835596893798
40.22809164500554,1.6708310264084547
40.27812658486251,2.055107672013704
40.328161524719484,4.146618456119737
40.378196464576455,80.246378119227
40.428231404433426,111.51189260309384
40.4782663442904,114.76339426179968
40.52830128414737,113.551344465916
40.578336224004346,135.70220418233959
40.62837116386132,114.45004143917296
40.67840610371829,0.0
40.72844104357526,0.0
40.77847598343223,0.0
40.8285109232892,0.0
40.87854586314617,0.0
40.92858080300315,0.0
40.97861574286012,0.0
41.02865068271709,0.0
41.07868562257406,0.0
41.128720562431035,0.0
41.178755502288006,145.8232697499259
41.22879044214498,0.0
41.278825382001955,0.0
41.328860321858926,0.0
41.3788952617159,114.7500624571096
41.42893020157287,97.32483299340313
41.47896514142984,88.15948351126475
41.52900008128681,41.94995657054631
41.57903502114378,0.5980267306086108
41.62906996100076,0.32723242866649255
41.67910490085773,0.4156573601969276
41.7291398407147,0.0
41.77917478057167,0.0
41.82920972042864,0.03965258059892545
41.879244660285615,0.2716455357882234
41.929279600142586,0.35509143035608454
41.979314539999564,0.33148822535567884
42.029349479856535,0.0
42.079384419713506,0.0
42.12941935957048,0.0
42.17945429942745,0.0
42.22948923928442,0.0
42.27952417914139,0.0
42.32955911899837,0.0
42.37959405885534,0.519272922010563
42.42962899871231,0.6298906554030191
42.47966393856928,0.6801614251317591
42.52969887842625,0.6753913674350286
42.57973381828322,0.6259610368384169
42.629768758140195,0.5659831959804915
42.67980369799717,0.5027347983981323
42.729838637854144,0.4472849548900633
42.779873577711115,0.40392708566157026
42.829908517568086,0.3705069016478899
42.87994345742506,0.3490423396506869
42.92997839728203,0.32136398073307754
42.980013337139,0.0
43.03004827699598,0.0
43.08008321685295,0.0
43.13011815670992,0.0
43.18015309656689,0.0
43.23018803642386,0.0
43.28022297628083,0.0
43.3302579161378,0.0
43.38029285599478,0.0
43.43032779585175,0.0
43.480362735708724,0.0
43.530397675565695,0.0
43.580432615422666,0.0
43.63046755527964,0.0
43.68050249513661,0.0
43.730537434993586,0.14760479032250245
43.78057237485056,0.3026989224357621
43.83060731470753,0.4840949384281376
43.8806422545645,0.7576094786429528
43.93067719442147,1.4185930290160913
43.98071213427844,66.67054896510172
44.03074707413541,77.1171984099297
44.08078201399239,0.0
44.13081695384936,0.0
44.18085189370633,0.0
44.230886833563304,0.0
44.280921773420275,0.0
44.330956713277246,0.0
44.38099165313422,0.0
44.431026592991195,0.0
44.481061532848166,0.07798661548924773
44.53109647270514,0.1359161167020948
44.58113141256211,0.14707083764249726
44.63116635241908,0.13097315117113562
44.68120129227605,0.059069452385321526
44.73123623213302,0.0
44.78127117199,0.0
44.83130611184697,0.0
44.88134105170394,0.0
44.93137599156091,0.0
44.981410931417884,0.0
45.031445871274855,0.0
45.081480811131826,0.0
45.131515750988804,0.18029674951780528
45.181550690845775,0.21451928408800788
45.231585630702746,0.12187587209400563
45.28162057055972,0.0
45.33165551041669,0.0
45.38169045027366,0.0
45.43172539013063,0.09416226980583511
45.48176032998761,0.35114035138425986
45.53179526984458,0.4637745935097316
45.58183020970155,0.5216160485653019
45.63186514955852,0.5211451664395059
45.68190008941549,0.445733366986683
45.731935029272464,0.28273972767403494
45.781969969129435,0.0
45.83200490898641,0.0
45.882039848843384,0.0
45.932074788700355,0.0
45.982109728557326,0.0
46.0321446684143,0.0
46.08217960827127,0.0
46.13221454812824,0.0
46.18224948798522,0.0
46.23228442784219,0.0
46.28231936769916,0.0
46.33235430755613,0.0
46.3823892474131,0.0
46.43242418727007,106.96084806138809
46.48245912712704,64.43340727207898
46.53249406698402,5.792750155498937
46.58252900684099,3.9944567710110017
46.632563946697964,3.519381679888015
46.682598886554935,3.439736683241148
46.732633826411906,4.346134042567914
46.78266876626888,21.51264721109131
46.83270370612585,67.1293434508303
46.882738645982826,62.69290061738928
46.9327735858398,52.50054763240872
46.98280852569677,0.0
47.03284346555374,0.0
47.08287840541071,0.0
47.13291334526768,0.0
47.18294828512465,0.0
47.23298322498163,0.0
47.2830181648386,0.0
47.33305310469557,0.0
47.383088044552544,0.0
47.433122984409515,0.0
47.483157924266486,71.44269717060514
47.53319286412346,84.57425812838028
47.583227803980435,88.29651310095632
47.633262743837406,0.0
47.68329768369438,0.0
47.73333262355135,101.25222358979119
47.78336756340832,94.01184214844011
47.83340250326529,107.50841561570773
47.88343744312226,90.24529212466219
47.93347238297924,0.0
47.98350732283621,0.0
48.03354226269318,0.0
48.08357720255015,0.0
48.133612142407124,0.0
48.183647082264095,0.0
48.233682022121066,0.2242525006267066
48.283716961978044,0.34582783841612136
48.333751901835015,0.4689130016397663
48.383786841691986,0.6367331919929136
48.43382178154896,1.0015509290806057
48.48385672140593,83.56560891365832
48.5338916612629,0.0
48.58392660111987,0.0
48.63396154097685,0.0
48.68399648083382,0.1961438702010962
48.73403142069079,0.2915192551314064
48.78406636054776,0.3544392679366484
48.83410130040473,0.3713954594820517
48.884136240261704,0.34324840479055757
48.934171180118675,0.27622407378145064
48.98420611997565,0.15184190876818957
49.034241059832624,0.0
49.084275999689595,0.0
49.134310939546566,0.0
49.18434587940354,0.0
49.23438081926051,0.0
49.28441575911748,0.0
49.33445069897446,0.0
49.38448563883143,0.0
49.4345205786884,0.0
49.48455551854537,0.0
49.53459045840234,0.3250738850282514
49.58462539825931,0.5007568544823287
49.634660338116284,0.6224851896324599
49.68469527797326,0.7033107797968353
49.73473021783023,0.7474432607385487
49.784765157687204,0.780256492307355
49.834800097544175,0.8034819741649648
49.884835037401146,0.8183081281068282
49.93486997725812,0.8005491757445653
49.98490491711509,0.7512045040494878
50.034939856972066,0.6812430673116854
50.08497479682904,0.6006781791232617
50.13500973668601,0.5352018271992739
50.18504467654298,0.48040197891076963
50.23507961639995,0.4392255375690834
50.28511455625692,0.40976416226568135
50.33514949611389,0.38268115161571475
50.38518443597087,0.3617580290824421
50.43521937582784,0.3521314572931878
50.48525431568481,0.34936600986029825
50.535289255541784,0.3481530772237777
50.585324195398755,0.8080392001981838
50.635359135255726,1.3561432250034202
50.6853940751127,70.94509834634769
50.735429014969675,89.74409854632468
50.785463954826646,89.3578068449462
50.83549889468362,0.0
50.88553383454059,0.0
50.93556877439756,0.0
50.98560371425453,0.0
51.0356386541115,0.0
51.08567359396848,0.0
51.13570853382545,0.0
51.18574347368242,0.0
51.23577841353939,0.0
51.285813353396364,0.0
51.335848293253335,0.0
51.385883233110306,0.0
51.435918172967284,0.0
51.485953112824255,0.0
51.535988052681226,0.0
51.5860229925382,0.0
51.63605793239517,0.0
51.68609287225214,0.0
51.73612781210911,0.0
51.78616275196609,0.0
51.83619769182306,0.0
51.88623263168003,0.0
51.936267571537,0.0
51.98630251139397,0.0
52.036337451250944,0.0
52.086372391107915,0.0
52.13640733096489,0.0
52.186442270821864,0.0
52.236477210678835,6.212191871167655
52.286512150535806,18.5920793124103
52.33654709039278,3.4849602705572527
52.38658203024975,2.2866265783945043
52.43661697010672,1.9371898327717412
52.4866519099637,1.7473513855140996
52.53668684982067,1.6765855127472151
52.58672178967764,1.6416317329974695
52.63675672953461,1.661325476902883
52.68679166939158,1.7244788712894237
52.73682660924855,1.8580342877779994
52.786861549105524,2.1222735143425497
52.8368964889625,2.3043487588180875
52.88693142881947,32.312584413946226
52.936966368676444,70.84387391251168
52.987001308533415,88.31579561724224
53.037036248390386,85.5973729623333
53.08707118824736,8.178551591206617
53.13710612810433,3.394907637431661
53.187141067961306,2.374816197296334
53.23717600781828,2.0243181002913397
53.28721094767525,1.9370601336007451
53.33724588753222,1.961866409997554
53.38728082738919,2.158934546341096
53.43731576724616,2.7262804887970895
53.48735070710313,4.463250323099635
53.53738564696011,69.57733773320157
53.58742058681708,98.38220375995436
53.63745552667405,108.83426026620964
53.687490466531024,111.04355450103489
53.737525406387995,112.27070060045303
53.787560346244966,120.56791762244555
53.83759528610194,147.6990350485072
53.887630225958915,0.0
53.937665165815886,0.0
53.98770010567286,0.0
54.03773504552983,0.0
54.0877699853868,0.5712579162759283
54.13780492524377,1.0302760252498808
54.18783986510074,2.049255221642891
54.23787480495772,0.0
54.28790974481469,71.76168792389969
54.33794468467166,60.00132029231054
54.38797962452863,2.591579382704327
54.438014564385604,1.4431625786434072
54.488049504242575,0.9485010423869541
54.538084444099546,0.643514001007253
54.588119383956524,0.3692482760694465
54.638154323813495,0.0
54.688189263670466,0.0
54.73822420352744,0.0
54.78825914338441,0.27378238957401596
54.83829408324138,0.3883810705838645
54.88832902309835,0.3752892765492066
54.93836396295533,0.28035807527105616
54.9883989028123,0.23138814336247482
55.03843384266927,0.2543474862117157
55.08846878252624,0.24282440032811045
55.13850372238321,0.21456288670168217
55.188538662240184,0.17352679565975418
55.238573602097155,0.1005902860023671
55.28860854195413,0.0
55.338643481811104,0.0
55.388678421668075,0.0
55.438713361525046,0.0
55.48874830138202,0.0
55.53878324123899,0.0
55.58881818109596,0.0
55.63885312095294,0.0
55.68888806080991,0.0
55.73892300066688,0.0
55.78895794052385,122.73150792238343
55.83899288038082,117.47017434557867
55.88902782023779,0.0
55.939062760094764,0.0
55.98909769995174,0.0
56.03913263980871,0.0
56.089167579665684,0.0
56.139202519522655,0.0
56.189237459379626,0.0
56.2392723992366,70.0086101748825
56.28930733909357,1.2030549155326344
56.33934227895055,0.570964442710526
56.38937721880752,0.473728400447087
56.43941215866449,0.3536833035890241
56.48944709852146,0.13379636407689066
56.53948203837843,0.0
56.5895169782354,0.0
56.63955191809237,0.0
56.68958685794935,0.0
56.73962179780632,0.0
56.78965673766329,0.0
56.839691677520264,0.0
56.889726617377235,0.0
56.939761557234206,0.0
56.98979649709118,0.0
57.039831436948155,0.0
57.089866376805126,0.0
57.1399013166621,0.0
57.18993625651907,0.0
57.23997119637604,0.0
57.29000613623301,0.0
57.34004107608998,59.14767436492918
57.39007601594696,84.08549605262552
57.44011095580393,93.0974912760946
57.4901458956609,131.11498513509537
57.54018083551787,
57.590215775374844,136.93470142599483
57.640250715231815,157.2564233998419
57.690285655088786,138.19872213814304
57.740320594945764,135.18176527194808
57.790355534802735,140.9603495983579
57.840390474659706,0.0
57.89042541451668,0.0
57.94046035437365,0.0
57.99049529423062,0.0
58.04053023408759,0.0
58.09056517394457,0.0
58.14060011380154,0.0
58.19063505365851,0.0
58.24066999351548,0.0
58.29070493337245,0.0
58.340739873229424,0.0
58.390774813086395,0.0
58.44080975294337,0.0
58.490844692800344,0.0
58.540879632657315,0.0
58.590914572514286,0.0
58.64094951237126,0.0
58.69098445222823,0.0
58.7410193920852,0.0
58.79105433194218,0.0
58.84108927179915,0.0
58.89112421165612,0.0
58.94115915151309,0.0
58.99119409137006,0.04317885916925286
59.04122903122703,0.22584016539901464
59.091263971084004,0.3953041665209938
59.14129891094098,0.550657307711566
59.19133385079795,0.6963087817400478
59.241368790654924,0.8311859898826958
59.291403730511895,0.9557353290174444
59.341438670368866,1.0674995004504424
59.39147361022584,1.1527445686267528
59.44150855008281,1.205768287238343
59.49154348993979,1.236511462900296
59.54157842979676,1.2361737857253863
59.59161336965373,1.2449923557209683
59.6416483095107,1.2562024520773774
59.69168324936767,1.3048813278714502
59.74171818922464,1.3862437678351023
59.79175312908161,1.5278460975824253
59.84178806893859,1.7409684943319053
59.89182300879556,2.064123062519843
59.94185794865253,2.5762900929712913
59.991892888509504,3.3941777432041365
60.041927828366475,5.224548304645895
60.091962768223446,36.586593955248944
60.14199770808042,72.12334112441235
60.192032647937395,97.7316357544287
60.24206758779437,116.98276006969247
60.29210252765134,141.8992195017199
60.34213746750831,0.0
60.39217240736528,0.0
60.44220734722225,0.0
60.49224228707922,0.0
60.5422772269362,0.0
60.59231216679317,0.0
60.64234710665014,0.0
60.69238204650711,0.0
60.742416986364084,0.0
60.792451926221055,0.0
60.842486866078026,0.0
60.892521805935004,0.0
60.942556745791975,0.0
60.99259168564895,0.0
61.04262662550592,0.0
61.09266156536289,0.0
61.14269650521986,0.0
61.19273144507683,0.0
61.24276638493381,0.0
61.29280132479078,0.0
61.34283626464775,29.550136161924932
61.39287120450472,45.663302385323455
61.44290614436169,1.576487040719585
61.492941084218664,0.7409305000458282
61.542976024075635,0.5499960508327516
61.59301096393261,0.47042468236917645
61.643045903789584,0.43506032504924674
61.693080843646555,0.4638296144719056
61.74311578350353,0.0
61.7931507233605,0.0
61.84318566321747,0.0
61.89322060307444,0.0
61.94325554293142,0.0
61.99329048278839,0.0
62.04332542264536,86.84494717056309
62.09336036250233,89.93636197337793
62.1433953023593,0.22994289206720842
62.19343024221627,0.4175792614806668
62.243465182073244,0.0
62.29350012193022,109.43585144385476
62.34353506178719,109.91908352714428
62.393570001644164,0.0
62.443604941501135,0.0
62.493639881358106,0.0
62.54367482121508,0.0
62.59370976107205,0.0
62.64374470092903,0.0
62.693779640786,0.0
62.74381458064297,0.0
62.79384952049994,0.0
62.84388446035691,0.0
62.89391940021388,0.0
62.94395434007085,0.0
62.99398927992783,0.0
63.0440242197848,0.0
63.09405915964177,0.0
63.144094099498744,0.0
63.194129039355715,0.0
63.244163979212686,0.0
63.29419891906966,0.0
63.344233858926636,0.0
63.39426879878361,0.0
63.44430373864058,0.0
63.49433867849755,0.0
63.54437361835452,0.0
63.59440855821149,0.0
63.64444349806846,0.0
63.69447843792544,0.0
63.74451337778241,0.0
63.79454831763938,0.0
63.84458325749635,0.0
63.894618197353324,0.0
63.944653137210295,0.0
63.994688077067266,0.0
64.04472301692424,0.0
64.09475795678121,0.0
64.14479289663818,0.20998730437200333
64.19482783649515,0.30885610076550774
64.24486277635214,0.35411198678596545
64.2948977162091,0.3824664493493167
64.34493265606608,0.4421037247179707
64.39496759592305,0.5230271998729927
64.44500253578002,0.575636508089723
64.49503747563699,0.58348420548844
64.54507241549396,0.5536995102548073
64.59510735535093,0.5130149776422445
64.6451422952079,0.4557925268964225
64.69517723506488,0.3934415682069134
64.74521217492185,0.3263125288068257
64.79524711477882,0.25141387593700476
64.84528205463579,0.16263135043243065
64.89531699449276,0.0
64.94535193434974,0.0
64.99538687420672,0.0
65.04542181406369,0.0
65.09545675392066,0.0
65.14549169377763,0.0
65.1955266336346,0.0
65.24556157349157,0.0
65.29559651334854,0.08798191044873203
65.34563145320551,0.41145100120473965
65.39566639306248,0.30968139796266486
65.44570133291946,0.24429671645720472
65.49573627277643,0.2004845923779788
65.5457712126334,0.16875521602110755
65.59580615249037,0.14822955677439095
65.64584109234735,0.13765726537629452
65.69587603220432,0.1290386917628059
65.7459109720613,0.12094194036640181
65.79594591191827,0.10323754848405152
65.84598085177524,0.0576676931199348
65.89601579163221,0.0
65.94605073148918,0.0
65.99608567134615,0.0
66.04612061120312,0.0
66.0961555510601,0.044691272102358355
66.14619049091706,0.0
66.19622543077404,0.0
66.246260370631,0.0
66.29629531048798,0.0
66.34633025034496,0.5227618453150126
66.39636519020193,0.47248070169866435
66.4464001300589,0.4495234975403843
66.49643506991588,0.4396953496659137
66.54647000977285,0.4350275957112543
66.59650494962982,0.4316291057598783
66.64653988948679,0.42881997536828004
66.69657482934376,0.4223546663599678
66.74660976920073,0.4136726279662031
66.7966447090577,0.4037811783574875
66.84667964891467,0.39172787465887454
66.89671458877164,0.3827902323644965
66.94674952862862,0.37925514435342517
66.99678446848559,0.38467719779282716
67.04681940834257,0.40584038124342287
67.09685434819954,0.4466564133617704
67.14688928805651,0.5076734032874122
67.19692422791348,0.6076737826988968
67.24695916777046,0.7547634677216553
67.29699410762743,1.0108759683845532
67.3470290474844,1.6845552090547975
67.39706398734137,63.89166508819322
67.44709892719834,99.05006019302417
67.49713386705531,126.41240677594695
67.54716880691228,0.0
67.59720374676925,0.0
67.64723868662622,0.0
67.6972736264832,0.0
67.74730856634018,0.0
67.79734350619715,0.0
67.84737844605412,0.0
67.8974133859111,0.0
67.94744832576806,0.0
67.99748326562504,0.0
68.047518205482,0.0
68.09755314533898,0.0
68.14758808519595,0.0
68.19762302505292,61.565114270553856
68.24765796490989,1.744304627155534
68.29769290476686,1.163427758732015
68.34772784462383,0.8984686701003665
68.3977627844808,0.7433294247137199
68.44779772433779,0.6394720275465547
68.49783266419476,0.5677862923330972
68.54786760405173,0.5271368785827497
68.5979025439087,0.5070899445107578
68.64793748376567,0.5069093108167939
68.69797242362264,0.5218009119977697
68.74800736347962,0.5457788360909459
68.79804230333659,0.5767646976090723
68.84807724319356,0.6114151569002381
68.89811218305053,0.6435413736615226
68.9481471229075,0.6805054499111521
68.99818206276447,0.714225102383787
69.04821700262144,0.7489642556671481
69.09825194247841,0.7970422542286328
69.1482868823354,0.8321545781512167
69.19832182219237,0.8744493298285779
69.24835676204934,0.8948441584570871
69.29839170190631,0.8631535392140841
69.34842664176328,0.7793766639572667
69.39846158162025,0.6526223959229009
69.44849652147722,0.49752795503100367
69.4985314613342,0.449151565674721
69.54856640119117,0.40549386935671655
69.59860134104814,0.3916367401708072
69.64863628090511,0.3955631511928647
69.69867122076208,0.40306787050468246
69.74870616061905,0.4010490493253671
69.79874110047602,0.38515699385646185
69.84877604033301,0.0
69.89881098018998,0.31678501767958583
69.94884592004695,0.2876837413976115
69.99888085990392,0.264167192120057
70.04891579976089,0.25053371329157825
70.09895073961786,0.0
70.14898567947483,0.0
70.1990206193318,0.0
70.24905555918878,0.0
70.29909049904575,0.0
70.34912543890272,0.0
70.39916037875969,0.31310557672577316
70.44919531861666,0.4584282143178077
70.49923025847363,0.5647178014385799
70.54926519833062,0.6403899932310951
70.59930013818759,0.8979189391604044
70.64933507804456,1.1198125829907604
70.69937001790153,1.3846150633500707
70.7494049577585,1.7132494640754148
70.79943989761547,2.1873556573998427
70.84947483747244,3.0727360568922375
70.89950977732941,6.7189625841910905
70.94954471718638,61.56023827948834
70.99957965704336,75.28914008610839
71.04961459690033,99.76787610537407
71.0996495367573,90.49068863215967
71.14968447661427,108.55664507367915
71.19971941647124,111.1246016774049
71.24975435632822,116.27359464057248
71.2997892961852,120.95998092893228
71.34982423604217,134.21827353271922
71.39985917589914,142.53599863156802
71.44989411575611,0.2544401806844473
71.49992905561308,
71.54996399547005,134.09760748876005
71.59999893532702,0.0
71.650033875184,0.0
71.70006881504096,
71.75010375489794,0.0
71.8001386947549,0.0
71.85017363461188,0.0
71.90020857446885,0.0
71.95024351432583,0.0
72.0002784541828,0.0
72.05031339403978,0.0
72.10034833389675,0.0
72.15038327375372,0.0
72.20041821361069,0.0
72.25045315346766,0.0
72.30048809332463,0.0
72.3505230331816,0.0
72.40055797303857,0.0
72.45059291289554,2.6990897237140237
72.50062785275252,1.7695011530416176
72.55066279260949,1.366460075498122
72.60069773246646,1.0248815233100703
72.65073267232344,0.704206660382046
72.70076761218041,0.31188022900144285
72.75080255203738,1.0374007889815613
72.80083749189436,1.2086624975688687
72.85087243175133,1.1742223369626943
72.9009073716083,0.6565386512834631
72.95094231146527,0.3799861187423381
73.00097725132224,0.29231960559306464
73.05101219117921,0.24506904968619833
73.10104713103618,0.20716191638145373
73.15108207089315,0.16072297309821854
73.20111701075012,0.09362575266786008
73.2511519506071,0.0
73.30118689046407,0.0
73.35122183032105,0.0
73.40125677017802,0.0
73.451291710035,0.0
73.50132664989196,0.0
73.55136158974894,0.0
73.6013965296059,0.0
73.65143146946288,0.0
73.70146640931985,0.0
73.75150134917682,0.0
73.80153628903379,0.0
73.85157122889076,0.14279763317976135
73.90160616874773,0.24384280722333396
73.9516411086047,0.29446051360243136
74.00167604846168,0.30223218995495665
74.05171098831866,0.2608710318275843
74.10174592817563,0.11911582780189836
74.1517808680326,0.0
74.20181580788957,0.0
74.25185074774654,0.0
74.30188568760352,0.0
74.35192062746049,0.0
74.40195556731746,1.7867841466026462
74.45199050717443,2.381972501649202
74.5020254470314,2.241551919308066
74.55206038688837,1.9104655626701306
74.60209532674534,1.549959081597212
74.65213026660231,1.3140033728153786
74.70216520645928,1.1805835665392157
74.75220014631627,0.0
74.80223508617324,0.9862659873569505
74.85227002603021,3.8144121788204863
74.90230496588718,0.0
74.95233990574415,0.0
75.00237484560112,0.0
75.0524097854581,0.0
75.10244472531507,0.0
75.15247966517204,0.0
75.20251460502901,0.0
75.25254954488598,0.0
75.30258448474295,0.0
75.35261942459992,0.0
75.4026543644569,0.0
75.45268930431388,0.0
75.50272424417085,0.0
75.55275918402782,0.0
75.60279412388479,0.0
75.65282906374176,0.06845562111430031
75.70286400359873,0.0
75.7528989434557,0.0
75.80293388331268,0.21244533969307589
75.85296882316965,0.27366781486833186
75.90300376302662,0.34586370544786305
75.95303870288359,0.42476554567165853
76.00307364274056,0.5083642796822037
76.05310858259753,0.5845506783459993
76.1031435224545,0.5422928425824401
76.15317846231149,0.721619192837623
76.20321340216846,0.7589831869453557
76.25324834202543,0.7405434798028878
76.3032832818824,0.7434422247442827
76.35331822173937,0.7745377030125717
76.40335316159634,0.8332347870744349
76.45338810145331,0.9206552454624901
76.50342304131028,1.0321648635276557
76.55345798116726,1.1668370362122342
76.60349292102423,1.3514542304914872
76.6535278608812,1.601080192575247
76.70356280073817,1.9613498417385606
76.75359774059514,2.6532154433463226
76.80363268045211,4.4690546802371545
76.8536676203091,56.600896252102224
76.90370256016607,71.03679425125044
76.95373750002304,82.08146519752667
77.00377243988001,99.85055603694839
77.05380737973698,
77.10384231959395,
77.15387725945092,33.27121834017496
77.2039121993079,4.286149604770144
77.25394713916486,3.4831343153773267
77.30398207902184,3.600101488844099
77.3540170188788,4.249240666579336
77.40405195873578,3.471941009229161
77.45408689859275,1.6947880905366215
77.50412183844972,1.4853125921197732
77.55415677830669,1.255569888247794
77.60419171816368,1.0896092090054919
77.65422665802065,0.995220184321785
77.70426159787762,0.9344549783680847
77.75429653773459,0.9111206933462436
77.80433147759156,0.9151793148086871
77.85436641744853,0.9373027277976091
77.9044013573055,0.9757054882156709
77.95443629716247,1.0225667829424931
78.00447123701944,1.0666847251907123
78.05450617687642,1.1163829914823236
78.10454111673339,1.167346441135203
78.15457605659036,1.2112472344360976
78.20461099644733,1.2778512883933972
78.2546459363043,1.3331484930215611
78.30468087616129,1.3973709643810805
78.35471581601826,1.4612665296370577
78.40475075587523,1.502969458130333
78.4547856957322,1.5276970665350584
78.50482063558917,1.472545271242362
78.55485557544614,1.3633531348747838
78.60489051530311,1.1987385719612575
78.65492545516008,0.9931595524049585
78.70496039501705,0.7794377073070514
78.75499533487402,0.5717002111402154
78.805030274731,0.3474333996477256
78.85506521458797,0.08997948695209598
78.90510015444494,0.0
78.95513509430191,0.0
79.0051700341589,0.0
79.05520497401587,0.0
79.10523991387284,0.0
79.15527485372981,0.0
79.20530979358678,0.0
79.25534473344375,118.56685034850739
79.30537967330072,0.0
79.35541461315769,0.0
79.40544955301466,0.0
79.45548449287163,0.0
79.5055194327286,0.0
79.55555437258558,0.0
79.60558931244255,0.0
79.65562425229952,0.6911390068796377
79.7056591921565,0.7344941829476859
79.75569413201347,0.6444684611328788
79.80572907187045,0.5495340442197494
79.85576401172742,0.0
79.90579895158439,0.3417546100754457
79.95583389144136,0.34627624671943996
80.00586883129833,0.3585290840117963
80.0559037711553,0.35832895337047355
80.10593871101227,0.5107975279577193
80.15597365086924,0.9284328164177319
80.20600859072621,0.0
80.25604353058318,0.0
80.30607847044016,0.0
80.35611341029713,0.0
80.40614835015411,0.0
80.45618329001108,0.0
80.50621822986805,0.0
80.55625316972503,0.0
80.606288109582,0.0
80.65632304943897,0.0
80.70635798929594,0.0
80.75639292915291,0.0
80.80642786900988,0.0
80.85646280886685,0.0
80.90649774872382,0.07544708983107772
80.9565326885808,0.07815859082442841
81.00656762843776,0.0
81.05660256829474,0.0
81.10663750815172,0.0
81.15667244800869,0.0
81.20670738786566,0.0
81.25674232772263,0.0
81.3067772675796,0.0
81.35681220743658,0.0
81.40684714729355,0.0
81.45688208715052,0.0
81.50691702700749,0.0
81.55695196686446,0.0
81.60698690672143,0.0
81.6570218465784,0.1263797033048766
81.70705678643537,0.22934333889223207
81.75709172629234,1.3304789423822228
81.80712666614933,0.0
81.8571616060063,0.4646855506208157
81.90719654586327,0.6696009648352131
81.95723148572024,1.1960670084786398
82.00726642557721,97.92840055323377
82.05730136543418,0.0
82.10733630529116,145.22956278637952
82.15737124514813,0.0
82.2074061850051,0.0
82.25744112486207,0.0
82.30747606471904,0.0
82.35751100457601,0.0
82.40754594443298,0.0
82.45758088428995,0.046680590495833216
82.50761582414694,0.16146928601705604
82.55765076400391,0.21853713604951358
82.60768570386088,0.21575686649367817
82.65772064371785,0.0
82.70775558357482,0.7350356103822474
82.7577905234318,0.739001109985776
82.80782546328876,0.72073426478177
82.85786040314574,0.6797259238755654
82.9078953430027,0.6272501743352383
82.95793028285968,0.5673115954405505
83.00796522271665,0.5109932933656652
83.05800016257362,0.43226281949625245
83.10803510243059,0.0
83.15807004228756,0.7536106152432357
83.20810498214455,1.544391177174118
83.25813992200152,38.213270559560755
83.30817486185849,1.3211722832371675
83.35820980171546,0.7360842510831656
83.40824474157243,0.5833821427767936
83.4582796814294,0.44328623519454374
83.50831462128637,0.4700461918579234
83.55834956114334,0.43542993764388116
83.60838450100032,0.40701962426708066
83.65841944085729,0.3860407228954073
83.70845438071426,0.6678106131131583
83.75848932057123,0.7108001414784499
83.8085242604282,0.7650899151166262
83.85855920028517,0.8556424106687802
83.90859414014216,1.0273793756394076
83.95862907999913,1.507336083803986
84.0086640198561,56.20204584706194
84.05869895971307,97.12180527843199
84.10873389957004,
84.15876883942701,0.0
84.20880377928398,0.0
84.25883871914095,0.0
84.30887365899792,0.0
84.3589085988549,0.0
84.40894353871187,0.0
84.45897847856884,0.0
84.50901341842581,0.0
84.55904835828278,0.0
84.60908329813977,0.0
84.65911823799674,98.91838633204038
84.70915317785371,104.86551182917995
84.75918811771068,91.34942072217936
84.80922305756765,0.0
84.85925799742462,91.14189767683979
84.90929293728159,90.32082508117645
84.95932787713856,108.52543622872459
85.00936281699553,91.40393084149588
85.0593977568525,83.16850808777885
85.10943269670948,47.11441505145954
85.15946763656645,3.251524122897046
85.20950257642342,2.347542118229502
85.25953751628039,2.358982505619945
85.30957245613737,3.7746531451799195
85.35960739599435,48.725502618348344
85.40964233585132,50.688493139077494
85.45967727570829,0.7419083641348293
85.50971221556526,0.49891990048079476
85.55974715542223,0.7054205522442374
85.6097820952792,0.8065576410770583
85.65981703513617,0.8840327895467535
85.70985197499314,0.978778593212006
85.75988691485011,1.1011433275800049
85.80992185470708,1.2801250224486176
85.85995679456406,1.5400028049260344
85.90999173442103,2.0100125492076
85.960026674278,3.049998091555694
86.01006161413498,47.274546251731934
86.06009655399195,93.5685251532697
86.11013149384893,129.40295416118937
86.1601664337059,
86.21020137356287,0.0
86.26023631341984,0.0
86.31027125327681,95.65924133893364
86.36030619313378,100.53831931562848
86.41034113299075,76.14335634872019
86.46037607284772,42.84560846215611
86.5104110127047,1.8570772655475334
86.56044595256166,1.155200831005459
86.61048089241864,0.8293550080893427
86.6605158322756,0.37255828066749536
86.71055077213259,0.0
86.76058571198956,0.0
86.81062065184653,0.49310366499499286
86.8606555917035,0.4662956160980082
86.91069053156048,0.41634385705142263
86.96072547141745,0.0
87.01076041127442,0.0
87.06079535113139,0.0
87.11083029098836,0.0
87.16086523084533,0.0
87.2109001707023,0.0
87.26093511055927,0.0
87.31097005041624,0.0
87.36100499027322,0.0
87.4110399301302,0.0
87.46107486998717,0.0
87.51110980984414,0.0
87.56114474970111,0.0
87.61117968955809,0.0
87.66121462941506,0.0
87.71124956927203,0.0
87.761284509129,0.0
87.81131944898597,0.0
87.86135438884294,0.0
87.91138932869991,0.0
87.96142426855688,0.0
88.01145920841385,0.02971597991009605
88.06149414827082,0.12319672537383151
88.11152908812781,0.16964495007170485
88.16156402798478,0.20479677107099248
88.21159896784175,0.23543986320528185
88.26163390769872,0.2650846379796258
88.3116688475557,0.29571499493820147
88.36170378741267,0.32910547500246323
88.41173872726964,0.3651150300095164
88.46177366712661,0.4028377530978842
88.51180860698358,0.43774884906654377
88.56184354684055,0.46800834855168144
88.61187848669752,0.489002917278649
88.66191342655449,0.5072916423768284
88.71194836641146,0.5231389952183165
88.76198330626843,0.5437528532022489
88.81201824612542,0.568393815261121
88.86205318598239,0.5920362122210738
88.91208812583936,0.6079734827006953
88.96212306569633,0.5877990220047208
89.0121580055533,0.618644044002832
89.06219294541027,0.6180748776275061
89.11222788526725,0.5207698415323783
89.16226282512422,0.36383644867131854
89.21229776498119,0.20894211130960222
89.26233270483816,0.0
89.31236764469513,0.0
89.3624025845521,0.0
89.41243752440907,0.0
89.46247246426604,0.0
89.51250740412303,0.0
89.56254234398,0.0
89.61257728383697,0.0
89.66261222369394,0.0
89.71264716355091,0.0
89.76268210340788,0.0
89.81271704326485,0.0
89.86275198312183,0.0
89.9127869229788,0.0
89.96282186283577,0.0
90.01285680269274,0.0
90.06289174254971,0.0
90.11292668240668,0.0
90.16296162226365,0.0
90.21299656212064,0.0
90.26303150197761,0.0
90.31306644183458,0.0
90.36310138169155,0.0
90.41313632154852,
90.46317126140549,0.7425115359122294
90.51320620126246,0.4829666985827856
90.56324114111943,0.40478873533379023
90.6132760809764,0.37001458879683063
90.66331102083338,0.354799889429443
90.71334596069035,0.35293975815590894
90.76338090054732,0.361705664318327
90.81341584040429,0.37872071307409727
90.86345078026126,0.4030758760007641
90.91348572011825,0.43274460173470475
90.96352065997522,0.4676447561320956
91.01355559983219,0.5073523222970264
91.06359053968916,0.5526013909803258
91.11362547954613,0.6019134718776233
91.1636604194031,0.6559130487301491
91.21369535926007,0.7107762720342936
91.26373029911704,0.7658381760711519
91.31376523897401,0.8161703716562446
91.36380017883099,0.8526330263650059
91.41383511868796,0.8698773935707325
91.46387005854493,0.0
91.5139049984019,0.0
91.56393993825887,0.0
91.61397487811585,0.8875861561694601
91.66400981797283,1.1912929090183397
91.7140447578298,3.998878990237729
91.76407969768677,93.61070929267458
91.81411463754374,89.5922838862748
91.86414957740071,
91.91418451725768,0.0
91.96421945711465,0.8655365426908008
92.01425439697162,0.5700236616970178
92.0642893368286,0.4155131881948466
92.11432427668556,0.30477359132791865
92.16435921654254,0.19385868057119368
92.2143941563995,0.0
92.26442909625648,0.0
92.31446403611346,0.0
92.36449897597043,0.0
92.4145339158274,0.0
92.46456885568438,0.0
92.51460379554135,0.0
92.56463873539832,0.0
92.61467367525529,0.0
92.66470861511226,0.0
92.71474355496923,0.0
92.7647784948262,89.30327269287336
92.81481343468317,0.0
92.86484837454014,0.0
92.91488331439712,0.0
92.96491825425409,0.0
93.01495319411107,0.0
93.06498813396804,0.6051395666054681
93.11502307382501,0.42408872619835397
93.16505801368199,0.4080968737963687
93.21509295353896,0.6874680478382932
93.26512789339593,2.086203678394739
93.3151628332529,0.0
93.36519777310987,0.8605708975584814
93.41523271296684,0.0
93.46526765282381,0.0
93.51530259268078,0.31001243969933256
93.56533753253775,0.3623563365721427
93.61537247239472,0.39333423745310536
93.6654074122517,0.40944859782818577
93.71544235210868,0.41685141039433415
93.76547729196565,0.4046915078791579
93.81551223182262,0.36874784919633774
93.8655471716796,0.313063013825196
93.91558211153657,0.23354146393182426
93.96561705139354,0.09869388951543287
94.01565199125051,0.0
94.06568693110748,0.0
94.11572187096445,0.0
94.16575681082142,0.0
94.21579175067839,0.0
94.26582669053536,0.0
94.31586163039233,0.0
94.3658965702493,0.0
94.41593151010629,0.0
94.46596644996326,0.0
94.51600138982023,84.54217558533506
94.5660363296772,69.02275957153586
94.61607126953417,61.07330817912754
94.66610620939115,7.733622097945186
94.71614114924812,0.17513218953974288
94.76617608910509,0.1104878690954798
94.81621102896206,0.05152153262746972
94.86624596881903,0.0
94.916280908676,0.0
94.96631584853297,0.0
95.01635078838994,0.0
95.06638572824691,0.0
95.1164206681039,0.0
95.16645560796087,0.0
95.21649054781784,0.0
95.26652548767481,0.7663195179606334
95.31656042753178,0.6566748380136221
95.36659536738875,0.5940762735535119
95.41663030724573,0.567416414532693
95.4666652471027,0.5570942758357447
95.51670018695967,0.5660969560272953
95.56673512681664,0.6088337586251966
95.61677006667361,0.0
95.66680500653058,0.0
95.71683994638755,84.12613214784008
95.76687488624452,72.84669580196937
95.81690982610151,1.3308241903131248
95.86694476595848,1.0662031650662716
95.91697970581545,1.0563288070730725
95.96701464567242,1.1965419444132501
96.01704958552939,1.5916915274758436
96.06708452538636,7.147710701279432
96.11711946524333,79.60055014306685
96.1671544051003,83.38986305822056
96.21718934495728,97.08277662529018
96.26722428481425,87.7053576318628
96.31725922467122,0.0
96.36729416452819,0.0
96.41732910438516,0.0
96.46736404424213,0.0
96.51739898409912,0.0
96.56743392395609,0.0
96.61746886381306,0.0
96.66750380367003,0.0
96.717538743527,0.0
96.76757368338397,0.0
96.81760862324094,0.15059685488849195
96.86764356309791,0.2618809489996809
96.91767850295489,0.35573785321818624
96.96771344281186,0.45964480048634
97.01774838266883,0.5894559480361505
97.0677833225258,0.7687301129060669
97.11781826238277,1.0218344534599044
97.16785320223974,1.3727920370762525
97.21788814209673,1.7148760894690882
97.2679230819537,1.7701602178711564
97.31795802181067,1.4553412190452608
97.36799296166764,1.1407048563005269
97.41802790152461,0.8669482722776238
97.46806284138158,0.6412270953806247
97.51809778123855,0.38775242276693045
97.56813272109552,0.0
97.6181676609525,0.0
97.66820260080947,1.1217196219331749
97.71823754066644,1.8755195720481794
97.76827248052341,2.1841789148854356
97.81830742038038,2.3338043827301576
97.86834236023735,2.1022694542908336
97.91837730009433,0.0
97.9684122399513,0.0
98.01844717980828,0.0
98.06848211966525,84.31696930477933
98.11851705952222,0.0
98.16855199937919,0.0
98.21858693923616,73.49739527808744
98.26862187909313,67.83790494380558
98.3186568189501,0.0
98.36869175880707,0.0
98.41872669866405,0.0
98.46876163852102,0.0
98.51879657837799,0.0
98.56883151823496,0.0
98.61886645809194,0.0
98.66890139794891,0.0
98.71893633780589,0.0
98.76897127766286,0.0
98.81900621751983,0.0
98.8690411573768,0.0
98.91907609723377,0.43551576159576605
98.96911103709074,0.5561004815640497
99.01914597694771,0.5965306306674325
99.06918091680468,0.6072002783632914
99.11921585666165,0.5861132680833473
99.16925079651863,0.5431651926629665
99.2192857363756,0.4659519460521775
99.26932067623257,0.3065134179334846
99.31935561608955,0.0
99.36939055594652,0.0
99.4194254958035,1.5407119461735626
99.46946043566047,1.3225329854162307
99.51949537551744,0.9799154538866454
99.56953031537441,0.7572475198248151
99.61956525523138,0.5504240361334392
99.66960019508835,0.0
99.71963513494532,0.0
99.76967007480229,0.0
99.81970501465926,0.0
99.86973995451623,0.0
99.9197748943732,0.0
99.96980983423018,0.0
100.01984477408716,0.1521744424070777
100.06987971394413,0.21367883187927922
100.1199146538011,0.25286935640887304
100.16994959365807,0.28070930074869316
100.21998453351505,0.2975811044100791
100.27001947337202,0.30041607894593836
100.32005441322899,0.2907638381947426
100.37008935308596,0.0
100.42012429294293,0.0
100.4701592327999,0.0
100.52019417265687,0.0
100.57022911251384,0.07364164172641376
100.62026405237081,0.0
100.67029899222779,0.0
100.72033393208477,0.0
100.77036887194174,0.0
100.82040381179871,0.0
100.87043875165568,0.0
100.92047369151265,0.0
100.97050863136963,0.0
101.0205435712266,0.0
101.07057851108357,0.0
101.12061345094054,0.0
101.17064839079751,0.0
101.22068333065448,1.664822506103905
101.27071827051145,1.4305554930859774
101.32075321036842,1.2392373932680316
101.3707881502254,1.0438225687970248
101.42082309008238,0.9095965925871362
101.47085802993935,0.7850013543743213
101.52089296979632,0.6722094731224217
101.57092790965329,0.5530950365152378
101.62096284951026,0.3775392225933892
101.67099778936723,0.0
101.7210327292242,0.0
101.77106766908118,0.0
101.82110260893815,0.0
101.87113754879512,0.0
101.92117248865209,0.0
101.97120742850906,0.0
102.02124236836603,0.0
102.071277308223,0.0
102.12131224807999,113.19010826617307
102.17134718793696,0.0
102.22138212779393,86.53582496698156
102.2714170676509,0.0
102.32145200750787,67.92038190056972
102.37148694736484,0.0
102.42152188722181,0.0
102.47155682707879,0.0
102.52159176693576,0.0
102.57162670679273,0.0
102.6216616466497,0.0
102.67169658650667,0.0
102.72173152636364,0.0
102.77176646622061,0.0
102.82180140607758,0.0
102.87183634593457,0.0
102.92187128579154,0.0
102.97190622564851,0.0
103.02194116550548,0.0
103.07197610536245,0.0
103.12201104521942,0.0
103.1720459850764,0.0
103.22208092493337,0.0
103.27211586479034,0.0
103.32215080464731,0.0
103.37218574450428,0.0
103.42222068436125,0.0
103.47225562421822,0.0
103.52229056407519,0.3293578393394995
103.57232550393218,0.0
103.62236044378915,0.0802528134122932
103.67239538364612,0.2314692801236237
103.72243032350309,0.3548326989718733
103.77246526336006,0.46942323362497446
103.82250020321703,0.6001528085750863
103.872535143074,0.7691372129960404
103.92257008293097,1.0443076991202935
103.97260502278795,1.6312019618984988
104.02263996264492,28.141471008057227
104.07267490250189,93.58518993966975
104.12270984235886,107.5298438251392
104.17274478221583,135.13268446960075
104.2227797220728,133.3364949459875
104.27281466192979,
104.32284960178676,112.0904201283169
104.37288454164373,0.0
104.4229194815007,0.06048838178056991
104.47295442135767,0.1565890527104634
104.52298936121464,0.18669031746549597
104.57302430107161,0.1868520060235582
104.62305924092858,0.1651646817579704
104.67309418078555,0.12822789892071693
104.72312912064253,0.07146255821934304
104.7731640604995,0.0
104.82319900035647,0.0
104.87323394021344,0.0
104.92326888007041,0.0
104.9733038199274,0.11017717687681387
105.02333875978437,0.17171716521300334
